nickname,teams,Unnamed: 0,player_id,age,country,rating
string,string,continuous,continuous,continuous,ARG AUS BEL BGR BIH BLR BRA CAN CHE CHN CZE DEU DNK ESP EST FIN FRA GBR GTM HKG HUN IDN ISR JOR KAZ KOR LTU LVA MEX MKD MNE MNG MYS NLD NOR NZL POL PRT ROU RUS SGP SRB SVK SWE THA TUR TWN UKR URY USA UZB XKX ZAF,continuous
meta,meta,,,,,
ZywOo,"Vitality, aAa",0.0,11893.0,21.0,FRA,1.32
s1mple,Natus Vincere,1.0,7998.0,24.0,UKR,1.25
sh1ro,"Gambit Youngsters, Gambit",2.0,16920.0,21.0,RUS,1.26
deko,1WIN,3.0,20113.0,21.0,RUS,1.23
saffee,"FURIA, paiN",4.0,18835.0,27.0,BRA,1.22
Kaze,"ViCi, Flash, MVP.karnal",5.0,8950.0,28.0,MYS,1.19
degster,"Espada, Spirit",6.0,17306.0,21.0,RUS,1.21
smooya,"BIG, Movistar Riders, Epsilon",7.0,11271.0,22.0,GBR,1.2
sterling,"AVANT, Looking For Org, Dire Wolves",8.0,12591.0,24.0,NZL,1.2
XANTARES,"Eternal Fire, Space Soldiers, BIG",9.0,7938.0,26.0,TUR,1.17
SENSEi,"CR4ZY, Project X, Akuma, Run or Die",10.0,18227.0,23.0,UKR,1.21
torzsi,"MOUZ, Budapest Five, MOUZ NXT, Salamander",11.0,18072.0,20.0,HUN,1.18
device,"Astralis, TSM",12.0,7592.0,26.0,DNK,1.16
DANK1NG,"TYLOO, EHOME",13.0,16207.0,22.0,CHN,1.2
NiKo,"G2, FaZe, MOUZ",14.0,3741.0,25.0,BIH,1.15
blameF,"Astralis, Complexity, Heroic, Epsilon",15.0,15165.0,25.0,DNK,1.22
BnTeT,"TYLOO, Gen.G, EXTREMUM",16.0,7131.0,26.0,IDN,1.15
coldzera,"SK, FaZe, Luminosity, MIBR",17.0,9216.0,27.0,BRA,1.15
Sico,"ORDER, Renegades, Grayhound, Kings",18.0,9102.0,27.0,NZL,1.15
XigN,"NKT, MVP PK, MVP Project",19.0,9172.0,25.0,KOR,1.14
KSCERATO,FURIA,20.0,15631.0,22.0,BRA,1.18
Benkai,"BOOT-d[S], BOOT, dream[S]cape",21.0,8944.0,25.0,SGP,1.14
Texta,"Chiefs, Athletico, Dark Sided",22.0,11847.0,21.0,AUS,1.21
Jame,"AVANGAR, Virtus.pro",23.0,13776.0,23.0,RUS,1.17
XELLOW,Nexus,24.0,9626.0,21.0,ROU,1.13
mhL,"MOUZ NXT, AGO",25.0,16847.0,20.0,POL,1.17
oskar,"MOUZ, SINNERS, HellRaisers",26.0,798.0,31.0,CZE,1.13
El1an,"Entropiq, Winstrike, EPG",27.0,13281.0,23.0,RUS,1.17
kennyS,"G2, Envy, Titan",28.0,7167.0,27.0,FRA,1.13
Freeman,"ViCi, TYLOO",29.0,10774.0,23.0,HKG,1.16
mantuu,"OG, ALTERNATE aTTaX, PANTHERS",30.0,10981.0,24.0,POL,1.16
huNter-,"G2, Valiance, Binary Dragons",31.0,3972.0,26.0,BIH,1.12
frozen,"MOUZ, eXtatus",32.0,9960.0,20.0,SVK,1.12
vsm,"DETONA, 00NATION",33.0,16816.0,23.0,BRA,1.18
chelleos,"Rooster, madlikewizards, Paradox",34.0,12877.0,22.0,NZL,1.2
erkaSt,"Grayhound, TIGER, Immunity",35.0,11141.0,27.0,MNG,1.17
yuurih,FURIA,36.0,12553.0,22.0,BRA,1.18
woxic,"Eternal Fire, HellRaisers, MOUZ, DarkPassage",37.0,8574.0,23.0,TUR,1.12
liTTle,"forZe, RuSh3D, Spartak, Enso",38.0,1088.0,33.0,RUS,1.12
INS,"ORDER, Renegades, Chiefs, Tainted Minds",39.0,11140.0,23.0,AUS,1.19
kNgV-,"MIBR, INTZ",40.0,5736.0,29.0,BRA,1.12
ropz,MOUZ,41.0,11816.0,22.0,EST,1.15
Jamppi,"SJ, ENCE",42.0,14087.0,21.0,FIN,1.15
wrath,"New Identity, Secret Club, BlackOut",43.0,9884.0,20.0,USA,1.12
dream3r,"SKADE, E-frag.net, Fiend",44.0,8412.0,25.0,BGR,1.11
PTC,"Lucid Dream, 5POWER",45.0,13238.0,23.0,THA,1.14
xsepower,"K23, forZe",46.0,12733.0,24.0,RUS,1.15
zorte,"forZe, Unique",47.0,15662.0,24.0,RUS,1.15
Twistzz,"FaZe, Liquid",48.0,10394.0,22.0,CAN,1.11
splashske,"BOOT-d[S], HZ, BOOT, dream[S]cape",49.0,8943.0,23.0,SGP,1.11
dgt,9z,50.0,14736.0,21.0,URY,1.15
GuardiaN,"Natus Vincere, FaZe",51.0,2757.0,31.0,SVK,1.11
oSee,"Extra Salt, Singularity, Cloud9",52.0,13249.0,23.0,USA,1.15
ottoNd,"HAVU, Valiance, CR4ZY, c0ntact",53.0,11283.0,24.0,FIN,1.15
FREDDyFROG,"Chaos, Red Reserve, Apeks, Japaleno, Galaxy Racer",54.0,9277.0,29.0,SWE,1.11
NEOFRAG,SINNERS,55.0,15821.0,21.0,CZE,1.18
Brehze,"Evil Geniuses, NRG",56.0,9136.0,24.0,USA,1.1
TenZ,"Bad News Bears, ATK",57.0,13254.0,21.0,CAN,1.15
Infinite,Party Astronauts,58.0,14619.0,24.0,USA,1.16
CeRq,"Evil Geniuses, NRG, Outlaws",59.0,11219.0,22.0,BGR,1.14
f0rest,"NIP, Dignitas",60.0,29.0,34.0,SWE,1.1
Olivia,"Beyond, Alpha Red, Signature",61.0,10664.0,24.0,THA,1.13
nawwk,"Apeks, GamerLegion, NIP, x6tence Galaxy",62.0,13670.0,24.0,SWE,1.12
poizon,"Complexity, Windigo, Bpro",63.0,12126.0,23.0,BGR,1.14
dumau,"GODSENT, Yeah",64.0,15698.0,18.0,BRA,1.16
mertz,"North Academy, Heroic, North, Nordavind, Singularity",65.0,9895.0,23.0,DNK,1.1
h4rn,"FATE, Fiend",66.0,20097.0,22.0,BGR,1.14
WARDELL,"Ghost, Bee's Money Crew, Orgless",67.0,11264.0,24.0,CAN,1.13
mir,"Spirit, Vega Squadron, Gambit",68.0,8789.0,26.0,RUS,1.1
swag,"Swole Patrol, Torqued, iBUYPOWER, Lazarus",69.0,5021.0,25.0,USA,1.1
HEN1,"Immortals, FURIA, Luminosity",70.0,8565.0,27.0,BRA,1.1
ekul,"Paradox, SYF",71.0,14505.0,27.0,AUS,1.14
Ax1Le,"Gambit Youngsters, Gambit",72.0,16555.0,20.0,RUS,1.16
nython,"RED Canids, Paquetá, paiN",73.0,18743.0,24.0,BRA,1.14
aliStair,"ORDER, Chiefs, Renegades",74.0,11139.0,24.0,AUS,1.14
moose,"eUnited, Rise Nation",75.0,12271.0,24.0,CAN,1.14
xccurate,"TYLOO, Recca, BTRG, NKT",76.0,10263.0,24.0,IDN,1.09
mixwell,"OpTic, Movistar Riders",77.0,8370.0,26.0,ESP,1.09
allu,"ENCE, NIP, FaZe",78.0,695.0,30.0,FIN,1.09
electroNic,"Natus Vincere, FlipSid3",79.0,8918.0,23.0,RUS,1.09
Spinx,"ENCE, c0ntact",80.0,18221.0,21.0,ISR,1.13
syrsoN,"BIG, ALTERNATE aTTaX, Sprout",81.0,7266.0,26.0,DEU,1.09
PwnAlone,"Party Astronauts, New England Whalers, High Coast",82.0,15090.0,31.0,USA,1.14
GeT_RiGhT,NIP,83.0,39.0,32.0,SWE,1.09
JUGi,"Heroic, OpTic, Tricked, North",84.0,8783.0,25.0,DNK,1.09
gas,"Wings Up, LGD, EDG, Aster",85.0,10722.0,26.0,CHN,1.12
biguzera,paiN,86.0,18141.0,25.0,BRA,1.16
lollipop21k,"Nemiga, GoodJob",87.0,13980.0,26.0,BLR,1.14
Cooper,"Swole Patrol, eUnited, Triumph",88.0,15007.0,28.0,USA,1.12
Calyx,"Space Soldiers, Eternal Fire, DarkPassage",89.0,8575.0,24.0,TUR,1.09
Sonic,"Bravado, Extra Salt, Cloud9",90.0,8711.0,23.0,ZAF,1.09
zehN,"HAVU, GODSENT, PENTA, FunPlus Phoenix",91.0,1378.0,30.0,FIN,1.09
ryx,"Echo Fox, Splyce, Ghost, Dignitas, Tempo Storm, Conquest",92.0,9042.0,29.0,USA,1.09
BL1TZ,"Chiefs, Legacy, AVANT, Funky Monkeys",93.0,12715.0,29.0,AUS,1.1
NAF,"Liquid, OpTic",94.0,8520.0,24.0,CAN,1.09
ZOREE,"HAVU, iGame.com, SJ",95.0,8576.0,28.0,FIN,1.09
ScreaM,"Envy, G2, Titan, VeryGames",96.0,7390.0,28.0,BEL,1.09
hades,"ENCE, Wisla Krakow",97.0,16848.0,22.0,POL,1.11
dennyslaw,SKADE,98.0,13466.0,22.0,BGR,1.12
EliGE,Liquid,99.0,8738.0,25.0,USA,1.09
floppy,"Cloud9, Singularity",100.0,12713.0,22.0,USA,1.15
nex,"BIG, MOUZ",101.0,7256.0,30.0,DEU,1.09
cynic,"Gaimin Gladiators, Party Astronauts, Triumph",102.0,16546.0,22.0,USA,1.14
valde,"North, OG, Heroic",103.0,9031.0,27.0,DNK,1.09
hazr,"AVANT, Looking For Org, Breakaway, Dire Wolves",104.0,14294.0,20.0,AUS,1.14
nukkye,"Imperial, HellRaisers, NoChance",105.0,13679.0,24.0,LTU,1.12
faveN,"Sprout, EURONICS",106.0,14932.0,22.0,DEU,1.13
mezii,"fnatic, Endpoint, GamerLegion, Cloud9, Vexed",107.0,18462.0,23.0,GBR,1.14
fer,"SK, MIBR, Luminosity",108.0,8564.0,30.0,BRA,1.08
Farlig,"Astralis, Copenhagen Flames, FunPlus Phoenix, GODSENT",109.0,13300.0,23.0,DNK,1.1
JOTA,"MIBR, Bravos, Keyd",110.0,17861.0,24.0,BRA,1.15
k0nfig,"Dignitas, OpTic, Complexity, North",111.0,9078.0,25.0,DNK,1.08
dupreeh,"Astralis, TSM",112.0,7398.0,29.0,DNK,1.08
Savage,"VG.CyberZen, ViCi, CyberZen, 5POWER",113.0,180.0,33.0,CHN,1.08
Attacker,"TYLOO, Flash",114.0,8552.0,25.0,CHN,1.08
dexter,"MOUZ, Grayhound, Renegades",115.0,9115.0,27.0,AUS,1.08
DJOXiC,"Binary Dragons, iNation, Valiance",116.0,3543.0,29.0,SRB,1.08
Detrony,Bravado,117.0,7993.0,31.0,ZAF,1.08
Machinegun,"TheMongolz, Mazaalai",118.0,9247.0,32.0,MNG,1.08
Magisk,"Astralis, SK, Dignitas",119.0,9032.0,24.0,DNK,1.08
draken,"Epsilon, NIP, Red Reserve",120.0,9255.0,26.0,SWE,1.08
keev,"ALTERNATE aTTaX, BIG, KILLERFISH",121.0,5799.0,30.0,DEU,1.08
felps,"SK, GODSENT, Immortals, Tempo Storm",122.0,9219.0,25.0,BRA,1.08
sergej,"GORILLAZ, ENCE, HAVU",123.0,11916.0,20.0,FIN,1.13
pz,"VERTEX, TRUCKERS WITH ATTITUDE, Airborne",124.0,18736.0,22.0,AUS,1.12
ShahZaM,"Complexity, Misfits, Echo Fox, Conquest, OpTic",125.0,7810.0,28.0,USA,1.08
exit,"MIBR, Sharks",126.0,11154.0,25.0,BRA,1.12
Summer,"TYLOO, Flash",127.0,7028.0,25.0,CHN,1.08
Hatz,"ORDER, Renegades, Kings",128.0,11162.0,24.0,AUS,1.14
jayzaR,"Valiance, Enyoy",129.0,8555.0,25.0,SWE,1.08
MICHU,"Virtus.pro, Kinguin, CSGL",130.0,7356.0,25.0,POL,1.08
Ryxxo,"Tricked, Singularity",131.0,8848.0,25.0,DNK,1.08
FL1T,forZe,132.0,12732.0,21.0,RUS,1.13
hAdji,"LDLC, EnVyUs Academy",133.0,9656.0,26.0,FRA,1.08
Rickeh,"ORDER, CLG, Rogue",134.0,8745.0,30.0,AUS,1.07
nicoodoz,Copenhagen Flames,135.0,13602.0,21.0,DNK,1.1
ptr,"Bad News Bears, NRG, Complexity",136.0,8707.0,32.0,USA,1.07
dapr,eUnited,137.0,11586.0,23.0,USA,1.13
NaToSaphiX,"Sprout, Nordavind",138.0,9294.0,25.0,DNK,1.07
meyern,"Furious, MIBR, Isurus, Sharks",139.0,14737.0,19.0,ARG,1.11
junior,"Triumph, Bad News Bears, Complexity, FURIA",140.0,14494.0,21.0,USA,1.1
iDISBALANCE,"Nemiga, Spirit",141.0,14273.0,25.0,RUS,1.13
autimatic,"Cloud9, Gen.G",142.0,8735.0,25.0,USA,1.07
YEKINDAR,"pro100, Virtus.pro, EPG",143.0,13915.0,22.0,LVA,1.14
Impulse,"Valiance, ONYX, lvlUP, RESISTANCE",144.0,12379.0,26.0,SRB,1.11
jks,"Renegades, Complexity, 100 Thieves",145.0,4679.0,26.0,AUS,1.07
Liazz,"ORDER, Renegades, 100 Thieves, Kings, Athletico, EXTREMUM",146.0,10588.0,24.0,AUS,1.07
smike,"spray'n'pray, pro100, ACG, eXplosive, k1ck",147.0,8526.0,24.0,UKR,1.07
shox,"G2, Vitality, Envy",148.0,1225.0,30.0,FRA,1.07
anarkez,"Finest, Secret",149.0,11815.0,22.0,ISR,1.11
hallzerk,"Dignitas, Nordavind",150.0,12840.0,22.0,NOR,1.1
broky,"FaZe, Epsilon",151.0,18053.0,21.0,LVA,1.1
xand,"INTZ, Yeah",152.0,9218.0,27.0,BRA,1.07
paz,"Space Soldiers, Sangal",153.0,9353.0,25.0,TUR,1.07
slaxz-,"Sprout, ALTERNATE aTTaX",154.0,15370.0,23.0,DEU,1.11
CRUC1AL,"Endpoint, Epsilon",155.0,7996.0,25.0,NLD,1.07
fejtZ,"SMASH, ArchAngels",156.0,7910.0,24.0,EST,1.07
InfrequeNt,"Athletico, Tainted Minds, Chiefs",157.0,10587.0,27.0,AUS,1.07
EspiranTo,"Imperial, Valiance, CR4ZY, c0ntact",158.0,12030.0,21.0,LTU,1.11
WorldEdit,"FlipSid3, pro100, Winstrike",159.0,7403.0,30.0,RUS,1.07
QKA,"5POWER, UYA, BOOT",160.0,11355.0,28.0,CHN,1.1
trk,"TeamOne, MIBR",161.0,11163.0,27.0,BRA,1.14
somebody,TYLOO,162.0,8605.0,27.0,CHN,1.07
shroud,Cloud9,163.0,8349.0,28.0,CAN,1.07
Pimp,"Dignitas, SK, Liquid, CPH Wolves",164.0,7154.0,26.0,DNK,1.07
boltz,"Immortals, Luminosity, SK, MIBR",165.0,8568.0,25.0,BRA,1.07
HObbit,"Gambit, Winstrike",166.0,8528.0,28.0,KAZ,1.07
Brollan,"fnatic, GODSENT",167.0,13666.0,20.0,SWE,1.12
DD,"TYLOO, OneThree",168.0,7026.0,27.0,CHN,1.07
roeJ,"Copenhagen Flames, MAD Lions, Tricked",169.0,14419.0,28.0,DNK,1.15
dycha,"ENCE, Sprout, Aristocracy",170.0,16080.0,24.0,POL,1.12
NikoM,"TeamOne, Isurus, DETONA",171.0,10504.0,25.0,ARG,1.06
FalleN,"SK, MIBR, Luminosity",172.0,2023.0,31.0,BRA,1.06
snatchie,"AGO, Virtus.pro, Sprout",173.0,9574.0,24.0,POL,1.06
shz,"Luminosity, Imperial, MIBR, INTZ, BOOM",174.0,11739.0,24.0,BRA,1.1
chelo,"MIBR, INTZ, Luminosity",175.0,10566.0,24.0,BRA,1.06
hardzao,"paiN, DETONA",176.0,16817.0,21.0,BRA,1.11
fame,"K23, SG.pro",177.0,20101.0,19.0,RUS,1.11
ofnu,"Tainted Minds, Chiefs, AVANT, Winterfox",178.0,8767.0,29.0,NZL,1.06
AnJ,"NRG, Singularity, Tricked",179.0,9317.0,27.0,DNK,1.06
Ethan,"NRG, CLG, Evil Geniuses",180.0,10671.0,22.0,USA,1.14
flameZ,"OG, Endpoint",181.0,16693.0,19.0,ISR,1.12
b1t,"Natus Vincere, NAVI Junior",182.0,18987.0,19.0,UKR,1.12
zhokiNg,"ViCi, VG.CyberZen",183.0,8601.0,28.0,CHN,1.06
SHiPZ,"SKADE, Windigo",184.0,11343.0,21.0,BGR,1.11
Happy,"Envy, LDLC",185.0,7429.0,30.0,FRA,1.06
acoR,"Tricked, North Academy, MAD Lions, MOUZ",186.0,10330.0,25.0,DNK,1.06
NikkeZ,"Ground Zero, Athletico",187.0,9676.0,27.0,AUS,1.06
COLDYY1,Spirit,188.0,9083.0,30.0,UKR,1.06
b4rtiN,"TeamOne, GODSENT",189.0,17585.0,20.0,BRA,1.1
rigoN,"Bad News Eagles, BLINK, c0ntact",190.0,12708.0,22.0,CHE,1.1
Skadoodle,Cloud9,191.0,7440.0,29.0,USA,1.06
flying,Invictus,192.0,16872.0,21.0,CHN,1.09
pancc,"W7M, Sharks",193.0,16314.0,24.0,BRA,1.11
Maka,"Heretics, LDLC, 3DMAX",194.0,13138.0,25.0,FRA,1.1
koosta,"CLG, Ghost, Gen.G, Enemy",195.0,9056.0,26.0,USA,1.06
Valiance,"ORDER, Paradox",196.0,16323.0,21.0,AUS,1.1
tucks,Chiefs,197.0,9108.0,25.0,AUS,1.06
TOR,"Signature, Beyond",198.0,9288.0,29.0,THA,1.06
olofmeister,"fnatic, FaZe",199.0,885.0,30.0,SWE,1.06
suNny,"ENCE, MOUZ, PENTA",200.0,5479.0,27.0,FIN,1.06
malbsMd,"TeamOne, Infinity",201.0,11617.0,19.0,GTM,1.1
Gratisfaction,"Grayhound, Renegades, 100 Thieves, Immunity, EXTREMUM",202.0,9686.0,26.0,NZL,1.05
shalfey,"forZe, Unique, Dracarys",203.0,17011.0,20.0,RUS,1.11
SLOWLY,"TYLOO, EHOME",204.0,15683.0,20.0,CHN,1.11
nexa,"G2, Valiance, Imperial",205.0,9618.0,25.0,SRB,1.05
rallen,"Kinguin, AGO",206.0,5388.0,28.0,POL,1.05
Rainwaker,SKADE,207.0,17145.0,21.0,BGR,1.1
bottle,"Born Of Fire, Eclipse, Invictus, 5POWER, CyberZen",208.0,10168.0,28.0,CHN,1.05
remix,"Liberty, Redemption POA, UNO MILLE",209.0,2544.0,28.0,BRA,1.07
ISSAA,"HellRaisers, OG",210.0,10449.0,25.0,JOR,1.05
JW,fnatic,211.0,3849.0,27.0,SWE,1.05
Sobol,"PACT, Wisla Krakow",212.0,15940.0,24.0,POL,1.09
afro,"HEET, DBL PONEY, LDLC",213.0,19926.0,23.0,FRA,1.08
iM,"GamerLegion, Nexus",214.0,14759.0,23.0,ROU,1.11
Ramz1kBO$$,"Tengri, Syman",215.0,11842.0,22.0,KAZ,1.09
HZ,"TYLOO, CyberZen, AllGamers",216.0,7016.0,32.0,CHN,1.05
Marcelious,"Apeks, 777, NOREG",217.0,14602.0,23.0,NOR,1.08
cajunb,"North, TSM, OpTic, Dignitas",218.0,2469.0,32.0,DNK,1.05
tabseN,"BIG, PENTA, MOUZ",219.0,5794.0,27.0,DEU,1.05
zeph,"ORDER, Chiefs, Ground Zero",220.0,13054.0,20.0,AUS,1.11
mou,"Gambit, K23, HellRaisers, Syman",221.0,964.0,30.0,KAZ,1.05
stavn,"Heroic, Fragsters",222.0,10994.0,20.0,DNK,1.12
REDSTAR,"Fiend, Bpro",223.0,15369.0,20.0,BGR,1.1
KRIMZ,fnatic,224.0,7528.0,28.0,SWE,1.05
KEi,"AVEZ, Anonymo, Sprout",225.0,17504.0,21.0,POL,1.12
TeSeS,"Heroic, Copenhagen Flames",226.0,12018.0,21.0,DNK,1.11
yay,"Complexity, Orgless",227.0,8513.0,23.0,USA,1.05
FASHR,"ECSTATIC, Lyngby Vikings, Defusekids",228.0,11954.0,26.0,NLD,1.11
juanflatroo,"Bad News Eagles, BLINK, Secret",229.0,17147.0,25.0,XKX,1.1
sdy,Spirit,230.0,12731.0,25.0,UKR,1.1
SicK,"Rogue, Misfits, TSM",231.0,9258.0,23.0,USA,1.05
NEEX,"Izako Boars, ESC",232.0,8543.0,25.0,POL,1.05
Aerial,"HAVU, ENCE",233.0,4076.0,29.0,FIN,1.11
loWel,"Movistar Riders, PENTA, MOUZ",234.0,3997.0,25.0,ESP,1.05
nin9,"TIGER, Renewal, Mazaalai, IHC",235.0,15072.0,24.0,MNG,1.09
raafa,"W7M, Keyd",236.0,11748.0,28.0,BRA,1.07
Grim,"Liquid, Triumph, Dignitas, Spacestation",237.0,13578.0,21.0,USA,1.1
Zellsis,"Swole Patrol, Lazarus",238.0,13188.0,24.0,USA,1.11
Qikert,"AVANGAR, Virtus.pro",239.0,13239.0,23.0,KAZ,1.11
Flarich,"HellRaisers, pro100",240.0,11250.0,25.0,LVA,1.07
rommi,"Spirit Academy, HOLLYWOOD, PLINK, 1337",241.0,10589.0,29.0,RUS,1.05
WolfY,"ECSTATIC, Lyngby Vikings, Secret Club",242.0,12937.0,23.0,USA,1.08
MarKE,"Extra Salt, eUnited, Swole Patrol",243.0,10892.0,24.0,MEX,1.12
cadiaN,"Heroic, Rogue, SK",244.0,7964.0,27.0,DNK,1.04
Lucky,"Tricked, Astralis",245.0,13843.0,19.0,DNK,1.07
refrezh,"Fragsters, Heroic, Copenhagen Flames, Tricked, OpTic",246.0,10610.0,24.0,DNK,1.08
DavCost,"INDE IRAE, Spirit, 1WIN",247.0,8124.0,26.0,RUS,1.04
malta,"Grayhound, Chiefs, Renegades",248.0,11485.0,26.0,AUS,1.1
Kjaerbye,"North, Dignitas, Astralis",249.0,8394.0,24.0,DNK,1.04
Bwills,"Triumph, Infamous",250.0,16647.0,21.0,USA,1.1
jkaem,"Apeks, Renegades, FaZe, 100 Thieves",251.0,8248.0,28.0,NOR,1.04
flusha,fnatic,252.0,3055.0,28.0,SWE,1.04
Snakes,"Spacestation, The Quest, SoaR",253.0,13229.0,20.0,USA,1.09
zewsy,"Tainted Minds, Chiefs, Winterfox",254.0,8764.0,25.0,NZL,1.04
Swahn,"iNTACT, Bad News Bears, Detonate, Bushido Boyz",255.0,15255.0,24.0,USA,1.08
STOMP,"x-kom, Izako Boars, Illuminar, HONORIS",256.0,12699.0,27.0,POL,1.09
aumaN,ViCi,257.0,8604.0,28.0,CHN,1.04
n0rb3r7,"K23, Winstrike, Syman",258.0,16612.0,21.0,RUS,1.09
motm,"ATK, Cloud9",259.0,13230.0,22.0,USA,1.09
Hiko,"Liquid, Rogue",260.0,2644.0,32.0,USA,1.04
Geniuss,"Signature, Beyond, Lucid Dream",261.0,12564.0,24.0,THA,1.11
Snax,"Virtus.pro, Anonymo",262.0,2553.0,29.0,POL,1.04
HSK,"MVP PK, MVP Project, GOSU",263.0,9174.0,27.0,KOR,1.04
Bubzkji,"Tricked, Fragsters, MAD Lions, Astralis",264.0,9612.0,24.0,DNK,1.04
ANDROID,"Complexity, Envy",265.0,9043.0,28.0,CAN,1.04
KHTEX,"Paquetá, Wild, Virtue",266.0,10842.0,25.0,BRA,1.08
kabal,"5POWER, TheMongolz, TIGER",267.0,10870.0,27.0,MNG,1.09
LOVEYY,"Flash, VG.CyberZen, VG.Flash",268.0,8957.0,33.0,CHN,1.04
buster,"AVANGAR, Virtus.pro",269.0,11942.0,22.0,KAZ,1.09
fleav,"Budapest Five, GameAgents",270.0,12317.0,21.0,HUN,1.08
phzy,"Young Ninjas, NIP",271.0,16726.0,19.0,SWE,1.07
twist,"GODSENT, fnatic, NIP",272.0,7443.0,27.0,SWE,1.04
eraa,GamerLegion,273.0,16487.0,20.0,SWE,1.06
Lucaozy,"Sharks, DETONA, Reapers",274.0,18717.0,20.0,BRA,1.08
Davidp,"3DMAX, Heretics",275.0,8138.0,27.0,BEL,1.03
tb,"VG.CyberZen, CyberZen, ViCi",276.0,839.0,31.0,CHN,1.03
dEE,"lvlUP, 4glory, Juggernauts, BLUEJAYS",277.0,4576.0,26.0,SRB,1.07
land1n,"paiN, Wild, Case, BigGods",278.0,10557.0,28.0,BRA,1.03
tarik,"CLG, Evil Geniuses, Cloud9, OpTic",279.0,8523.0,26.0,USA,1.03
REZ,"NIP, Epsilon",280.0,9278.0,24.0,SWE,1.03
Kntz,"NKT, Alpha Red, Beyond, NSPR",281.0,10705.0,24.0,THA,1.07
rAge,"Hard Legion, Windigo Academy",282.0,14171.0,25.0,UKR,1.07
JUST,"SAW, OFFSET",283.0,8998.0,26.0,PRT,1.03
sjuush,"Heroic, Tricked, MAD Lions",284.0,14148.0,23.0,DNK,1.09
max,"9z, Isurus, Furious",285.0,12092.0,23.0,URY,1.11
NK4Y,"Outlaws, Bpro, ex-Epsilon",286.0,10761.0,26.0,BGR,1.07
Subroza,"Ghost, FRENCH CANADIANS, CLG, Lazarus, Orgless",287.0,11231.0,25.0,CAN,1.1
USTILO,"Renegades, ORDER",288.0,8771.0,28.0,AUS,1.03
TRAVIS,1WIN,289.0,16948.0,24.0,RUS,1.11
Lucky,"HEET, Heretics, DBL PONEY, G2, 3DMAX",290.0,13497.0,24.0,FRA,1.09
dobu,"5POWER, TIGER, TheMongolz",291.0,9521.0,23.0,MNG,1.03
alex,Movistar Riders,292.0,8371.0,26.0,ESP,1.03
yam,"Renegades, Tainted Minds",293.0,2555.0,33.0,AUS,1.03
Patsi,"Spirit, Espada, Spirit Academy",294.0,19673.0,18.0,RUS,1.09
Relaxa,"Chaos, Red Reserve, Japaleno, Apeks, Galaxy Racer",295.0,9279.0,29.0,SWE,1.03
znajder,"GODSENT, fnatic, EURONICS",296.0,3847.0,29.0,SWE,1.03
DEV7L,eXtatus,297.0,9358.0,25.0,CZE,1.03
AiyvaN,"pro100, spray'n'pray",298.0,9349.0,26.0,UKR,1.03
Maden,"ENCE, GODSENT, FunPlus Phoenix, SMASH",299.0,11777.0,23.0,MNE,1.08
captainMo,"TYLOO, OneThree",300.0,5187.0,33.0,CHN,1.03
Thomas,Endpoint,301.0,13018.0,24.0,GBR,1.12
RCF,"Sharks, Yeah, High Coast",302.0,11337.0,22.0,BRA,1.09
JonY BoY,"Gale Force, Miami Flamingos, Furious, Isurus",303.0,10499.0,30.0,ARG,1.03
rain,FaZe,304.0,8183.0,27.0,NOR,1.03
kressy,"ALTERNATE aTTaX, Sprout, EURONICS",305.0,12782.0,26.0,DEU,1.07
cxzi,Triumph,306.0,17353.0,22.0,USA,1.09
juho,"ENCE, iGame.com",307.0,7775.0,27.0,FIN,1.03
F1KU,"lvlUP, RESISTANCE, ONYX, 4glory",308.0,3732.0,19.0,POL,1.07
DiMKE,AGO,309.0,19044.0,28.0,SRB,1.03
stfN,ALTERNATE aTTaX,310.0,8800.0,29.0,DEU,1.03
chawzyyy,"Galaxy Racer, Apeks",311.0,19021.0,17.0,SWE,1.07
imoRR,"Eternal Fire, Sangal, Royal Bandits",312.0,15835.0,22.0,TUR,1.1
shuadapai,"5POWER, Eclipse",313.0,11576.0,31.0,CHN,1.08
aizy,"North, Dignitas, FaZe",314.0,8095.0,26.0,DNK,1.03
Spargo,"KOVA, hREDS",315.0,15565.0,21.0,FIN,1.05
RIKO,"Monstars, Denial",316.0,11737.0,26.0,USA,1.06
dennis,"Apeks, fnatic, NIP, GamerLegion",317.0,1146.0,31.0,SWE,1.03
food,"eUnited, Singularity, Freedom 35",318.0,9875.0,25.0,USA,1.03
fl0m,Mythic,319.0,8503.0,29.0,USA,1.03
Forester,"Entropiq, DreamEaters, Hard Legion",320.0,13982.0,22.0,RUS,1.08
b0denmaster,"ATK, Lilmix",321.0,15501.0,24.0,SWE,1.08
pashaBiceps,"Virtus.pro, ESC",322.0,317.0,34.0,POL,1.02
KENSI,"forZe, ex-ETHEREAL",323.0,19236.0,20.0,RUS,1.07
hoody,HAVU,324.0,13396.0,23.0,FIN,1.07
CyberFocus,"Nemiga, K29, Rebels, Empire",325.0,8255.0,27.0,BLR,1.02
kai,"Bravos, C4, RED Canids",326.0,14445.0,27.0,BRA,1.07
glowiing,"1WIN, Trident, Cyber Legacy",327.0,17508.0,28.0,RUS,1.08
Swisher,"ATK, Bad News Bears",328.0,16599.0,23.0,USA,1.08
flamie,Natus Vincere,329.0,7594.0,25.0,RUS,1.02
sLowi,HAVU,330.0,9271.0,26.0,FIN,1.02
smiley,"Unique, 100PG, Se7en",331.0,17793.0,25.0,KAZ,1.07
niko,"Heroic, OpTic, OG",332.0,10264.0,24.0,DNK,1.02
AMANEK,"LDLC, G2, Misfits",333.0,9616.0,28.0,FRA,1.02
dragonfly,Fragsters,334.0,10992.0,25.0,DNK,1.06
HS,"Nordavind, PENTA",335.0,8994.0,25.0,EST,1.02
jdm64,"Liquid, CLG, Envy",336.0,8346.0,32.0,USA,1.02
fnx,"Imperial, Luminosity, SK, Immortals, RED Canids, Não Tem Como",337.0,557.0,32.0,BRA,1.02
NBK-,"Envy, G2, Vitality, OG, VeryGames",338.0,7168.0,28.0,FRA,1.02
kolor,"GameAgents, Budapest Five, EURONICS",339.0,10698.0,22.0,HUN,1.05
MonttY,"eXtatus, eSuba",340.0,9961.0,23.0,SVK,1.02
FANAT ROCKA,"Unique, Quantum Bellator Fire, Space Jam",341.0,9008.0,30.0,RUS,1.02
DeStiNy,"Luminosity, Paquetá, INTZ, Wild",342.0,9483.0,25.0,BRA,1.02
FaNg,"Complexity, Extra Salt",343.0,17372.0,20.0,CAN,1.08
Maluk3,TeamOne,344.0,2529.0,32.0,BRA,1.07
disco doplan,"GODSENT, Epsilon, Galaxy Racer, Red Reserve",345.0,9256.0,26.0,SWE,1.02
Nico,"Dignitas, CPH Wolves, Western Wolves",346.0,7413.0,30.0,DNK,1.02
mouz,"Kinguin, Illuminar",347.0,8323.0,26.0,POL,1.02
bondik,"HellRaisers, FlipSid3, Winstrike",348.0,2131.0,29.0,UKR,1.02
qqGOD,"Signature, Beyond, Lucid Dream",349.0,9289.0,24.0,THA,1.02
v1c7oR,"Windigo, E-frag.net, Fiend",350.0,7834.0,28.0,BGR,1.02
HexT,"RBG, Carpe Diem",351.0,18838.0,20.0,CAN,1.09
MoeycQ,"Immunity, Chiefs, Ground Zero, AVANT",352.0,8770.0,29.0,AUS,1.02
Voltage,"The Quest, Triumph, SoaR, Dignitas",353.0,13228.0,22.0,USA,1.05
Spongey,"Bad News Bears, Triumph, The Quest",354.0,13589.0,22.0,USA,1.06
Krad,"Entropiq, DreamEaters, Hard Legion",355.0,12027.0,23.0,RUS,1.07
spaze,"PiTER, Gambit, EPG",356.0,8345.0,25.0,RUS,1.02
Ace,"Rise Nation, eUnited",357.0,13273.0,27.0,USA,1.06
Markoś,"AVEZ, Wisla Krakow",358.0,11276.0,23.0,POL,1.06
dimasick,"AVANGAR, pro100",359.0,13780.0,26.0,KAZ,1.06
Goofy,"Wisla Krakow, PACT, x-kom",360.0,15428.0,21.0,POL,1.08
queztone,eXtatus,361.0,7749.0,26.0,SVK,1.02
ROBO,Nemiga,362.0,3410.0,29.0,BLR,1.02
steel,"Chaos, Ghost, Torqued",363.0,7253.0,32.0,CAN,1.02
yel,"Luminosity, INTZ, MIBR",364.0,10560.0,30.0,BRA,1.02
Xyp9x,"Astralis, TSM",365.0,4954.0,26.0,DNK,1.02
TENZKI,"Nordavind, Dignitas",366.0,5287.0,28.0,DNK,1.02
fr0slev,"AGF, Fragsters",367.0,11258.0,25.0,DNK,1.08
LETN1,"Valiance, Binary Dragons, iNation, CR4ZY",368.0,4216.0,29.0,SRB,1.02
apEX,"Vitality, Envy, G2, Titan",369.0,7322.0,29.0,FRA,1.02
fox,"Giants, k1ck, Kinguin, OFFSET",370.0,629.0,35.0,PRT,1.02
NENO,"Binary Dragons, Valiance",371.0,2299.0,28.0,MKD,1.02
n0thing,"Cloud9, Complexity",372.0,203.0,31.0,USA,1.02
Plopski,"NIP, x6tence Galaxy, Singularity",373.0,14218.0,20.0,SWE,1.08
mar,"FATE, Finest",374.0,13464.0,25.0,BGR,1.08
SKYTTEN,"Orbit, LGB",375.0,2398.0,29.0,SWE,1.02
roseau,"Recca, nxl",376.0,8951.0,29.0,IDN,1.02
szejn,"MOUZ NXT, Izako Boars",377.0,17113.0,20.0,POL,1.06
roca,"Splyce, Echo Fox, Complexity, ELEVATE",378.0,7935.0,26.0,USA,1.02
xCeeD,"The Quest, Triumph, SoaR",379.0,13182.0,22.0,USA,1.07
iDk,"TeamOne, Paquetá, Yeah",380.0,10818.0,24.0,BRA,1.08
flickz,"Chiefs, Athletico, Dark Sided",381.0,11844.0,31.0,AUS,1.09
Tuurtle,"MIBR, DETONA, Bravos, C4",382.0,14394.0,23.0,BRA,1.08
Nodios,"Copenhagen Flames, x6tence",383.0,8891.0,23.0,DNK,1.01
chrisJ,MOUZ,384.0,2730.0,32.0,NLD,1.01
aproto,"CLG Academy, Vision, BlackOut",385.0,11230.0,23.0,USA,1.05
delboNi,"Imperial, Case, Yeah",386.0,11213.0,24.0,BRA,1.05
Jyo,Nemiga,387.0,12269.0,27.0,EST,1.07
bedonka,"Paradox, SYF",388.0,17402.0,22.0,AUS,1.06
es3tag,"Heroic, Tricked",389.0,8611.0,26.0,DNK,1.01
Zyphon,Copenhagen Flames,390.0,20090.0,18.0,DNK,1.07
shokz,"Finest, Movistar Riders",391.0,16859.0,24.0,EST,1.06
GruBy,AGO,392.0,8570.0,27.0,POL,1.01
desi,"Winterfox, Complexity, SKDC",393.0,8350.0,29.0,USA,1.01
PlesseN,"Galaxy Racer, Chaos, Japaleno, Red Reserve, fnatic Academy",394.0,9811.0,24.0,SWE,1.01
SHOCK,SINNERS,395.0,12810.0,21.0,CZE,1.04
HUGHMUNGUS,"Chiefs, Legacy, Genuine, Funky Monkeys",396.0,12086.0,22.0,AUS,1.06
b0RUP,"Tricked, Heroic, MAD Lions",397.0,9896.0,22.0,DNK,1.01
hampus,"NIP, GamerLegion, Red Reserve, GODSENT",398.0,9766.0,23.0,SWE,1.01
tatazin,"paiN, Wild, Yeah, BigGods",399.0,10840.0,28.0,BRA,1.05
Maikelele,"NoChance, GODSENT",400.0,1045.0,31.0,SWE,1.01
Lekr0,"NIP, Dignitas, fnatic, GODSENT",401.0,9261.0,29.0,SWE,1.01
mitch,"Selfless, Bad News Bears, Dignitas, Riot Squad",402.0,10470.0,25.0,USA,1.01
clax,"K23, Trident, Cyber Legacy, Singularity, EXTREMUM",403.0,12004.0,20.0,RUS,1.04
EasTor,"Movistar Riders, OFFSET",404.0,4373.0,28.0,ESP,1.01
jedqr,"Wisla Krakow, x-kom",405.0,14684.0,23.0,POL,1.08
JDC,"MOUZ, MOUZ NXT, expert, Unicorns of Love, PANTHERS",406.0,14929.0,22.0,DEU,1.06
1962,"Leviatan, Isurus",407.0,12094.0,26.0,ARG,1.07
Kylar,"AVEZ, Anonymo",408.0,19114.0,22.0,POL,1.05
Noobster,"Ground Zero, Paradox, SYF",409.0,9680.0,25.0,AUS,1.01
Viva,"Invictus, 5POWER, CyberZen",410.0,15419.0,22.0,CHN,1.06
byali,"Virtus.pro, AVEZ",411.0,5386.0,28.0,POL,1.01
obj,"OFFSET, eXploit, Giants, AlienTech",412.0,9416.0,26.0,PRT,1.01
spyleadeR,"E-frag.net, MK, GPlay",413.0,3183.0,32.0,BGR,1.01
kreaz,"Finest, Apeks",414.0,9911.0,24.0,SWE,1.01
stadodo,"SAW, OFFSET",415.0,11205.0,25.0,PRT,1.08
mirbit,"ALTERNATE aTTaX, EURONICS, Sprout, Nordavind",416.0,11701.0,25.0,DEU,1.06
J0LZ,"Strife, OCG, Swedish Canadians",417.0,17510.0,22.0,CAN,1.07
Friis,"SK, fnatic, Heroic, Tricked",418.0,7.0,33.0,DNK,1.01
grux,"Savage, Red Reserve, SMASH",419.0,15096.0,22.0,SWE,1.04
dazzLe,"eUnited, Rise Nation, New Identity",420.0,11064.0,26.0,USA,1.08
ayaya,"Eclipse, Born Of Fire, Flash, AllGamers",421.0,10186.0,23.0,CHN,1.01
ap0c,"AVANT, Tainted Minds, Looking For Org, Chiefs",422.0,2007.0,34.0,AUS,1.01
reatz,"PRIDE, Illuminar, Kinguin",423.0,8242.0,27.0,POL,1.01
siuhy,"MOUZ NXT, Izako Boars",424.0,16820.0,19.0,POL,1.06
Stewie2K,"Cloud9, Liquid",425.0,8797.0,24.0,USA,1.01
kalinka,"HellRaisers, Playing Ducks",426.0,9410.0,28.0,LTU,1.01
Jinxx,"Genuine, Taboo, Chiefs",427.0,11538.0,25.0,AUS,1.04
to1nou,"LDLC, LDLC White",428.0,7982.0,27.0,BEL,1.01
DickStacy,"Grayhound, Dark Sided",429.0,12876.0,25.0,AUS,1.08
jR,"Vega Squadron, HellRaisers",430.0,8786.0,28.0,UKR,1.01
DESPE,Space Soldiers,431.0,7980.0,29.0,TUR,1.01
kioShiMa,"Envy, Heretics, FaZe",432.0,4959.0,28.0,FRA,1.01
speed4k,"DreamEaters, Nemiga",433.0,13155.0,26.0,RUS,1.05
FugLy,"NRG, Liquid, Envy",434.0,8522.0,27.0,USA,1.01
emagine,"ORDER, Kings, Winterfox, Immunity",435.0,8744.0,31.0,AUS,1.01
Nifty,"Renegades, Envy, Selfless",436.0,9069.0,24.0,USA,1.01
Polt,"1WIN, Unique",437.0,16946.0,28.0,RUS,1.07
arT,FURIA,438.0,12521.0,26.0,BRA,1.09
MINISE,"PACT, PRIDE, Kinguin",439.0,2826.0,28.0,POL,1.0
waterfaLLZ,"Quantum Bellator Fire, PiTER, AVE, EPG",440.0,8727.0,27.0,RUS,1.0
Cabbi,"MASONIC, Lyngby Vikings, AGF",441.0,16723.0,24.0,DNK,1.05
pounh,"Playing Ducks, Imperial, 1337HUANIA",442.0,11307.0,25.0,LTU,1.04
Zero,"GamerLegion, HellRaisers",443.0,8413.0,23.0,SVK,1.0
zqkS,"Imperial, Yeah, Keyd",444.0,7383.0,30.0,BRA,1.0
innocent,"Anonymo, Illuminar, CSGL",445.0,3669.0,28.0,POL,1.0
Relyks,"eUnited, Enemy, Selfless, New Identity",446.0,8517.0,27.0,USA,1.0
fenvicious,"Unique, Spirit Academy, EPG",447.0,10590.0,27.0,RUS,1.0
glace,"North Academy, Tricked, Rogue, No Problem!",448.0,1883.0,28.0,DNK,1.0
Oderus,"Spacestation, BlackOut, The Pioneers",449.0,11238.0,23.0,USA,1.04
1uke,"Spirit Academy, HOLLYWOOD, PLINK",450.0,8724.0,29.0,RUS,1.0
leo_drk,"Sharks, 00NATION",451.0,11329.0,22.0,BRA,1.07
Edward,Natus Vincere,452.0,483.0,34.0,UKR,1.0
Tsogoo,"TheMongolz, Mazaalai",453.0,9245.0,28.0,MNG,1.0
hazed,"CLG, Mythic",454.0,8347.0,33.0,USA,1.0
xiaosaGe,"5POWER, Invictus, UYA",455.0,11574.0,32.0,CHN,1.08
SIXER,"LDLC, Envy",456.0,147.0,31.0,FRA,1.0
kenzor,pro100,457.0,11515.0,25.0,UKR,1.05
R0b3n,"Unique, Space Jam, ex-ETHEREAL",458.0,14205.0,20.0,LVA,1.04
Lack1,"Entropiq, Winstrike",459.0,13240.0,22.0,KAZ,1.04
cbbk,"Lucid Dream, Beyond",460.0,10764.0,28.0,THA,1.06
dzt,"Imperial, Case, BigGods",461.0,10570.0,25.0,BRA,1.0
ImpressioN,"BOOT-d[S], BTRG, NKT, dream[S]cape",462.0,9339.0,26.0,SGP,1.0
almazer,forZe,463.0,11654.0,23.0,RUS,1.06
Djoko,"HEET, DBL PONEY",464.0,19738.0,25.0,FRA,1.05
KILLDREAM,"AlienTech, k1ck, Giants",465.0,5792.0,29.0,PRT,1.0
Basso,Copenhagen Flames,466.0,10443.0,23.0,DNK,1.0
RoLEX,"Signature, ZIGMA, Beyond, MiTH",467.0,10663.0,21.0,THA,1.06
zeff,MVP PK,468.0,4637.0,33.0,KOR,1.0
ALLE,"Liberty, Redemption POA, Isurus, C4",469.0,11922.0,25.0,BRA,1.07
mopoz,Movistar Riders,470.0,9254.0,25.0,ESP,1.0
supra,"Gambit Youngsters, Nordavind",471.0,16415.0,20.0,EST,1.05
cromen,Nordavind,472.0,10397.0,27.0,NOR,1.0
SZPERO,"Wisla Krakow, Kinguin, AGO",473.0,973.0,31.0,POL,1.0
adreN,"Liquid, Mythic",474.0,7433.0,32.0,USA,1.0
xseveN,"HAVU, ENCE, iGame.com, RCTIC",475.0,7248.0,27.0,FIN,1.0
void,"Ground Zero, Dark Sided",476.0,14954.0,21.0,AUS,1.03
pyth,"NIP, Vexed",477.0,7527.0,28.0,SWE,1.0
MODDII,"Heroic, SK",478.0,545.0,33.0,SWE,1.0
cam,"Singularity, Gorilla Gang, Chaos",479.0,13186.0,24.0,USA,1.06
peet,"AGG, Vexed, SEAL, eBettle",480.0,7369.0,31.0,POL,1.0
nitr0,Liquid,481.0,7687.0,26.0,USA,1.0
mds,Nemiga,482.0,11926.0,23.0,BLR,1.04
pecks,Chiefs,483.0,10163.0,25.0,AUS,1.0
STYKO,"HellRaisers, MOUZ, GODSENT",484.0,6904.0,26.0,SVK,1.0
truth,"Apeks, ATK, Vexed",485.0,9298.0,25.0,NOR,1.0
Noktse,Isurus,486.0,2161.0,29.0,ARG,1.06
vice,"Rogue, Cloud9",487.0,9260.0,26.0,USA,1.0
Baaten,"x6tence Galaxy, Red Reserve, fnatic Academy, Chaos",488.0,10463.0,23.0,SWE,1.0
uli,KOVA,489.0,9818.0,24.0,FIN,1.0
MUTiRiS,"SAW, k1ck, Giants",490.0,630.0,29.0,PRT,1.0
freddieb,"Epsilon, GODSENT, Red Reserve",491.0,9257.0,28.0,SWE,0.99
SEMPHIS,"Splyce, TSM, Complexity",492.0,1915.0,33.0,CAN,0.99
dephh,Complexity,493.0,7873.0,30.0,GBR,0.99
realz1n,"B4, W7M, Sharks, FURIA Academy",494.0,16769.0,27.0,BRA,1.07
freakazoid,"Swole Patrol, Cloud9, Echo Fox",495.0,7808.0,29.0,USA,0.99
Jerry,forZe,496.0,13157.0,24.0,RUS,1.07
magixx,Spirit,497.0,18317.0,19.0,RUS,1.05
YDNA,"Breakaway, Funky Monkeys, Dark Sided",498.0,12083.0,23.0,AUS,1.03
robiin,"Endpoint, DenDD",499.0,7700.0,27.0,SWE,0.99
gMd,"Rogue, FRENCH CANADIANS, LiViD, Spacestation",500.0,12710.0,21.0,CAN,1.05
ALEX,"LDLC, Vitality, fnatic",501.0,8184.0,26.0,GBR,0.99
markeloff,"FlipSid3, HellRaisers",502.0,338.0,34.0,UKR,0.99
Puls3,"Endpoint, FMESPORTS",503.0,7296.0,28.0,GBR,0.99
Vegi,"Anonymo, Virtus.pro, PACT, Illuminar",504.0,15204.0,22.0,POL,1.04
neptune,"Ghost, Bee's Money Crew, Recon 5",505.0,12101.0,19.0,USA,1.04
xelos,"Lemondogs, Epsilon, AliGon",506.0,5373.0,29.0,SWE,0.99
rbz,"Paradox, Corvidae",507.0,9103.0,28.0,AUS,0.99
BENDJI,"Singularity, DenDD",508.0,8396.0,26.0,SWE,0.99
dukefissura,"Unique, 100PG",509.0,19823.0,26.0,KAZ,1.05
reversive,"Leviatan, Isurus",510.0,9221.0,30.0,ARG,0.99
jaxi,Nexus,511.0,4726.0,28.0,ROU,0.99
BARBARR,"Epsilon, x6tence Galaxy, Singularity",512.0,44.0,32.0,SWE,0.99
VINI,FURIA,513.0,12822.0,23.0,BRA,1.04
Liki,"Looking For Org, Dire Wolves",514.0,19190.0,23.0,AUS,1.07
morelz,"PRIDE, Virtus.pro",515.0,8324.0,28.0,POL,0.99
k1to,"BIG, ALTERNATE aTTaX, Sprout",516.0,12781.0,23.0,DEU,1.04
notaN,"MASONIC, Singularity, OPAA",517.0,9903.0,22.0,DNK,0.99
pesadelo,"TeamOne, RED Canids",518.0,17553.0,22.0,BRA,1.04
kory,"Sangal, Budapest Five, Salamander",519.0,16495.0,24.0,HUN,1.06
JIaYm,"HellRaisers, bankaPEPSI",520.0,19232.0,23.0,RUS,1.05
ANGE1,HellRaisers,521.0,339.0,32.0,UKR,0.99
kaboose,"Selfless, Vision",522.0,10372.0,22.0,USA,0.99
facecrack,"forZe, PiTER",523.0,8726.0,28.0,RUS,0.99
Dimaoneshot,"Spirit, Espada",524.0,8125.0,27.0,RUS,0.99
Drone,"Splyce, Envy",525.0,9130.0,24.0,USA,0.99
DemQQ,"B8, CR4ZY, Akuma, Project X",526.0,19733.0,21.0,UKR,1.07
rmn,"SAW, k1ck, Giants",527.0,2241.0,30.0,PRT,0.99
Dosia,"Gambit, HellRaisers",528.0,735.0,34.0,RUS,0.99
vanity,"Chaos, eUnited, Gorilla Gang",529.0,12089.0,23.0,USA,1.06
krii,"Wolsung, EPG",530.0,9291.0,24.0,LVA,0.99
fitch,"AVANGAR, Tengri, Gambit",531.0,10052.0,30.0,KAZ,0.99
DeathZz,Movistar Riders,532.0,13093.0,26.0,ESP,1.03
gade,"North, North Academy, OpTic",533.0,8875.0,27.0,DNK,0.99
djay,"Party Astronauts, New England Whalers",534.0,12102.0,29.0,CAN,1.04
SAGGERTON,"iGame.com, RCTIC, LGR",535.0,7529.0,26.0,FIN,0.99
larsen,"Tricked, Movistar Riders",536.0,7965.0,25.0,DNK,0.99
bubble,"Windigo, E-frag.net, Fiend",537.0,2799.0,30.0,BGR,0.99
Lukki,"Tricked, AGF, Singularity",538.0,8871.0,22.0,DNK,0.99
jabbi,"Copenhagen Flames, Singularity",539.0,17956.0,19.0,DNK,1.03
AZR,"Renegades, 100 Thieves, EXTREMUM",540.0,8082.0,29.0,AUS,0.99
J1rah,"ORDER, Breakaway",541.0,12593.0,22.0,AUS,1.04
ryotzz,W7M,542.0,13989.0,28.0,BRA,1.08
bodyy,"G2, DBL PONEY, LDLC",543.0,8374.0,25.0,FRA,0.99
NEKIZ,"paiN, Luminosity",544.0,9482.0,26.0,BRA,0.98
sXe,"Nexus, XPC",545.0,10436.0,24.0,ROU,0.98
chop,"RBG, Carpe Diem, Kinship",546.0,19705.0,20.0,USA,1.02
JACKZ,"G2, EnVyUs Academy, 3DMAX",547.0,284.0,30.0,FRA,0.98
DAVEY,"Splyce, Mythic",548.0,8508.0,26.0,CAN,0.98
Furlan,AGO,549.0,8327.0,27.0,POL,0.98
stellar,"Party Astronauts, Vireo.pro, Divine, AA",550.0,13177.0,26.0,USA,1.05
Xizt,"NIP, fnatic",551.0,884.0,31.0,SWE,0.98
Jonji,"Bad News Bears, Rise Nation, Chaos",552.0,12113.0,22.0,CAN,1.09
RUBINO,"Dignitas, Nordavind, LGB",553.0,1485.0,28.0,NOR,0.98
AdreN,"Gambit, HellRaisers, K23",554.0,334.0,32.0,KAZ,0.98
ryann,"Singularity, Swole Patrol, Envy, Gorilla Gang",555.0,12088.0,21.0,USA,1.04
gla1ve,"Astralis, CPH Wolves",556.0,7412.0,27.0,DNK,0.98
Zix,Bpro,557.0,13992.0,23.0,BGR,1.04
Perfecto,"Natus Vincere, Syman",558.0,16947.0,22.0,RUS,1.04
isak,"GamerLegion, Lilmix",559.0,17937.0,20.0,SWE,1.03
DeadFox,HellRaisers,560.0,8716.0,27.0,HUN,0.98
wiz,"RBG, Carpe Diem",561.0,17930.0,21.0,USA,1.02
zende,"DenDD, Property",562.0,5045.0,27.0,SWE,0.98
Daffu,"ECSTATIC, Lyngby Vikings, Copenhagen Flames",563.0,11996.0,24.0,DNK,1.04
Spiidi,"Sprout, MOUZ",564.0,7499.0,26.0,DEU,0.98
bq,Lilmix,565.0,17936.0,20.0,SWE,1.02
apocdud,"VERTEX, Chiefs, Genuine",566.0,12872.0,23.0,AUS,1.05
anger,"Mythic, Winterfox, Denial, Luminosity",567.0,7438.0,34.0,USA,0.98
NickelBack,"Entropiq, pro100, Winstrike",568.0,11498.0,25.0,RUS,1.05
WOOD7,"Bravos, MIBR, RED Canids",569.0,14390.0,27.0,BRA,1.04
doto,"HAVU, ENCE",570.0,9819.0,26.0,FIN,0.98
tifa,"Imperial, BigGods, Keyd",571.0,9480.0,26.0,BRA,0.98
Fadey,"ATK, Bravado",572.0,10611.0,24.0,ZAF,0.98
Norwi,"forZe, Trident",573.0,19882.0,21.0,RUS,1.02
Llamas,"Ground Zero, Breakaway, SYF",574.0,16529.0,22.0,AUS,1.01
kwezz,Tricked,575.0,13170.0,22.0,DNK,1.01
SHOOWTiME,"Luminosity, Imperial, Tempo Storm",576.0,9220.0,25.0,BRA,0.98
syken,"expert, EURONICS",577.0,8000.0,26.0,DEU,0.98
ZEDKO,"SINNERS, eXtatus",578.0,8488.0,24.0,CZE,0.98
jnt,Sharks,579.0,11747.0,28.0,BRA,1.03
prt,"TeamOne, DETONA",580.0,10827.0,24.0,BRA,1.02
FinigaN,Espada,581.0,17305.0,23.0,RUS,1.03
niki1,"FATE, Bpro, Outlaws",582.0,8917.0,31.0,BGR,0.98
BURNRUOk,"Ground Zero, Grayhound, Immunity",583.0,9636.0,26.0,AUS,0.98
Radifaction,"Secret, Nordavind, NoChance, Apeks",584.0,13148.0,23.0,NOR,1.03
BIT,"TeamOne, 9z",585.0,555.0,32.0,BRA,0.98
Boombl4,"Natus Vincere, Winstrike, Quantum Bellator Fire",586.0,11840.0,23.0,RUS,1.04
Sergiz,"CR4ZY, Project X, Akuma, Windigo Academy",587.0,12244.0,21.0,UKR,1.03
PERCY,"Secret, Sprout, Tricked",588.0,5061.0,28.0,DNK,0.98
blocker,"Windigo, FATE, Bpro",589.0,10697.0,25.0,BGR,1.05
leman,AGO,590.0,8539.0,25.0,POL,0.97
Sapec,Young Ninjas,591.0,15569.0,19.0,SWE,1.05
RUSH,"Cloud9, Complexity, OpTic",592.0,7805.0,28.0,USA,0.97
RpK,"Vitality, Envy, Titan, G2",593.0,7169.0,32.0,FRA,0.97
sinnopsyy,"Bad News Eagles, BLINK, Secret",594.0,18120.0,27.0,XKX,1.03
SPELLAN,"SKADE, Outlaws, Windigo, Epsilon",595.0,11217.0,24.0,BGR,1.03
Bymas,"MOUZ, FaZe",596.0,19015.0,18.0,LTU,1.03
mono,"x-kom, Illuminar, Izako Boars",597.0,9916.0,26.0,POL,0.97
Queenix,"MASONIC, x6tence",598.0,13749.0,23.0,DNK,1.03
RuStY,"GamerLegion, Singularity, Red Reserve",599.0,10784.0,24.0,SWE,1.03
raalz,"Sprout, Lyngby Vikings, Ambush",600.0,2898.0,27.0,DNK,0.97
jmqa,"Quantum Bellator Fire, PiTER, EPG",601.0,8368.0,25.0,RUS,0.97
DeStRoYeR,"Invictus, EHOME, BOOT",602.0,10192.0,28.0,CHN,0.97
Keoz,"Syman, LDLC, K23",603.0,15117.0,21.0,BEL,1.03
seb,"Ghost, New Identity, Bee's Money Crew",604.0,3886.0,31.0,USA,0.97
propleh,"1WIN, Monolith, Spartak",605.0,14055.0,25.0,RUS,1.03
kUcheR,"HellRaisers, Virtus.pro",606.0,302.0,33.0,RUS,0.97
stk,"Beyond, Signature, Alpha Red",607.0,12129.0,25.0,THA,1.05
ELUSIVE,Bravado,608.0,8446.0,29.0,ZAF,0.97
oskarish,"x-kom, Illuminar, AGO",609.0,8321.0,25.0,POL,0.97
SOKER,"Movistar Riders, x6tence, k1ck",610.0,7388.0,29.0,ESP,0.97
ice,"100PG, Unique",611.0,17792.0,21.0,KAZ,1.01
PKL,"paiN, Luminosity, Wild",612.0,6593.0,28.0,BRA,0.97
DEVIL,"LDLC, Envy, LDLC White, 3DMAX",613.0,8569.0,27.0,FRA,0.97
seized,Natus Vincere,614.0,3347.0,27.0,RUS,0.97
MAIROLLS,"Alpha Red, Beyond, NSPR",615.0,10666.0,24.0,THA,1.02
gabesson,"GameAgents, volgare",616.0,7925.0,32.0,HUN,0.97
Mayker,"Genuine, Chiefs, Surge",617.0,14957.0,23.0,AUS,1.01
KHRN,"SJ, HAVU",618.0,971.0,32.0,FIN,0.97
Leaf,"Lucid Dream, Maple, Signature",619.0,11248.0,28.0,THA,1.02
phr,"Illuminar, AGO, Virtus.pro",620.0,11891.0,25.0,POL,1.02
reltuC,CLG,621.0,8137.0,33.0,USA,0.97
chopper,"Spirit, Vega Squadron",622.0,7716.0,25.0,RUS,0.97
Drea3er,"New4, FIVE, BTRG",623.0,11161.0,27.0,CHN,1.01
Hyper,"AGG, Vexed, Kinguin, Izako Boars",624.0,7368.0,32.0,POL,0.96
Surreal,"Endpoint, Epsilon, Complexity",625.0,9019.0,26.0,GBR,0.96
TMB,"MAD Lions, AGF, Copenhagen Flames",626.0,11995.0,20.0,DNK,1.05
LUCAS1,"Immortals, Luminosity, MIBR, Tempo Storm",627.0,8566.0,27.0,BRA,0.96
The eLiVe,"Enterprise, Universe",628.0,14388.0,23.0,SVK,1.01
Maniac,"LDLC, Titan",629.0,823.0,32.0,CHE,0.96
starix,"Natus Vincere, Spirit",630.0,303.0,34.0,UKR,0.96
nosraC,"Gaimin Gladiators, Rebirth, ChocoCheck, Recon 5",631.0,17918.0,22.0,USA,1.03
SmithZz,"G2, Titan, VeryGames, Envy, LDLC",632.0,7170.0,33.0,FRA,0.96
kaper,"AGO, Kinguin, Wisla Krakow, adwokacik",633.0,14221.0,26.0,POL,1.02
nafany,"Gambit Youngsters, Gambit",634.0,16921.0,21.0,RUS,1.04
Marek,"EHOME, After",635.0,8598.0,28.0,TWN,0.96
SADDYX,SJ,636.0,15563.0,21.0,FIN,1.03
maeVe,"Tricked, Escape, Reason",637.0,8150.0,32.0,DNK,0.96
Kairi,"x6tence, PENTA",638.0,329.0,34.0,ESP,0.96
Tommy,BOOT-d[S],639.0,11460.0,28.0,SGP,1.04
bodito,"Budapest Five, Salamander, Pixel, Sensei",640.0,8733.0,24.0,HUN,0.96
Walco,"RBG, Carpe Diem",641.0,17929.0,20.0,CAN,1.02
stanislaw,"Evil Geniuses, OpTic, Complexity, Liquid",642.0,8507.0,28.0,CAN,0.96
SEMINTE,"Nexus, XPC",643.0,8453.0,25.0,ROU,0.96
expro,"Lynn Vision, Invictus, EHOME",644.0,12490.0,23.0,CHN,1.03
HOLMES,Squared,645.0,3730.0,30.0,SRB,0.96
xms,"Envy, Heretics, LDLC",646.0,9545.0,25.0,FRA,0.96
w1nt3r,"100PG, Unique, Se7en, BOOT-d[S]",647.0,14359.0,24.0,KAZ,1.0
Uber,"Enemy, Complexity, Selfless",648.0,9053.0,25.0,CAN,0.96
Aleksib,"OG, ENCE, HAVU",649.0,9816.0,25.0,FIN,0.96
glow,MVP PK,650.0,205.0,34.0,KOR,1.01
Kvik,"Quantum Bellator Fire, Winstrike",651.0,8459.0,26.0,LTU,0.96
ProbLeM,"HellRaisers, bankaPEPSI",652.0,16870.0,23.0,RUS,1.02
Kristou,"AGF, North",653.0,10961.0,20.0,DNK,0.99
MAJ3R,"Space Soldiers, Sangal",654.0,150.0,31.0,TUR,0.96
JazzPimp,"Gaimin Gladiators, Recon 5, ChocoCheck",655.0,11039.0,25.0,USA,1.01
LOGAN,"LDLC, Heretics",656.0,13042.0,24.0,FRA,1.01
tiziaN,"BIG, ALTERNATE aTTaX",657.0,5796.0,26.0,DEU,0.96
0i,"Invictus, New4, FIVE, After",658.0,11358.0,26.0,CHN,1.0
nbl,Isurus,659.0,10508.0,25.0,ARG,0.96
smF,"CPH Wolves, Secret",660.0,7414.0,30.0,DNK,0.96
YJ,W7M,661.0,11746.0,26.0,BRA,1.0
kinqie,"DreamEaters, Hard Legion",662.0,3459.0,30.0,RUS,0.96
Snappi,"ENCE, Heroic, OpTic",663.0,922.0,32.0,DNK,0.96
tahsiN,"PENTA, Berzerk, KILLERFISH",664.0,2148.0,31.0,DEU,0.96
maNkz,"ECSTATIC, Lyngby Vikings, Copenhagen Flames",665.0,15349.0,24.0,DNK,1.02
ponczek,Wisla Krakow,666.0,11286.0,27.0,POL,1.0
PR1mE,Tricked,667.0,19038.0,21.0,DNK,0.99
NEO,"Virtus.pro, HONORIS",668.0,165.0,35.0,POL,0.95
misutaaa,Vitality,669.0,14176.0,19.0,FRA,1.0
denis,"Sprout, MOUZ",670.0,7511.0,27.0,DEU,0.95
RZU,"Triumph, Bad News Bears, Rugratz",671.0,13179.0,22.0,USA,1.01
beastik,SINNERS,672.0,11199.0,24.0,CZE,1.01
alexRr,"expert, Planetkey, DIVIZON",673.0,7508.0,26.0,DEU,0.95
dezon,"Savage, Galaxy Racer, Japaleno",674.0,15639.0,24.0,SWE,1.01
dumz,"DenDD, Singularity, Manatee",675.0,7958.0,26.0,SWE,0.95
friberg,"NIP, Dignitas, Heroic",676.0,7148.0,30.0,SWE,0.95
caike,"g3x, Yeah, Isurus, TeamOne",677.0,10563.0,27.0,BRA,0.95
TaZ,"HONORIS, Virtus.pro, Kinguin",678.0,161.0,36.0,POL,0.95
steel,"Movistar Riders, Luminosity, Immortals",679.0,7382.0,28.0,BRA,0.95
Console,"Tricked, ALTERNATE aTTaX, Copenhagen Flames, Singularity",680.0,10404.0,26.0,DNK,0.95
devoduvek,"LDLC, Misfits, Heretics",681.0,10569.0,27.0,FRA,0.95
CONNOR93,"Ghost, Bee's Money Crew, BlackOut, The Pioneers",682.0,9660.0,28.0,CAN,0.95
soju_j,"Legacy, AVANT, Chiefs, Dire Wolves",683.0,12590.0,24.0,NZL,1.01
KrizzeN,"AVANGAR, Winstrike",684.0,12161.0,22.0,KAZ,1.01
dERZKIY,"K29, ANOX",685.0,7942.0,26.0,BLR,0.95
darko,PACT,686.0,11287.0,24.0,POL,1.02
RAiLWAY,"INDE IRAE, Espada",687.0,14161.0,26.0,RUS,1.0
Grus,"Apeks, 777",688.0,16462.0,24.0,NOR,1.0
H4RR3,"777, Nordavind",689.0,14311.0,25.0,NOR,1.03
oxygeN,SKADE,690.0,18697.0,19.0,BGR,1.0
AcilioN,"Copenhagen Flames, SK, Apeks",691.0,8151.0,25.0,DNK,0.95
JT,"Extra Salt, Bravado, ATK, Cloud9",692.0,11630.0,23.0,ZAF,1.02
flashie,"GameAgents, Orgless",693.0,5440.0,26.0,HUN,0.95
strux1,"PENTA, 3DMAX, Planetkey",694.0,7214.0,31.0,DEU,0.95
arvid,SJ,695.0,9325.0,25.0,FIN,0.95
ecfN,ALTERNATE aTTaX,696.0,10367.0,26.0,DEU,0.95
Karsa,"Flash, OneThree, EHOME",697.0,8599.0,30.0,CHN,0.95
Inzta,"Tricked, Singularity",698.0,7463.0,29.0,DNK,0.94
rafftu,"SKADE, Bpro, FATE",699.0,16412.0,22.0,BGR,1.0
uNdo,"Unique, Quantum Bellator Fire, Space Jam",700.0,7943.0,27.0,BLR,0.94
vSa,"Rise Nation, Vision, Ghost",701.0,9845.0,28.0,CAN,0.94
Rock1nG,"SKADE, Outlaws, Bpro",702.0,10762.0,25.0,BGR,1.01
Fifflaren,NIP,703.0,7147.0,34.0,SWE,0.94
kzy,"EURONICS, ALTERNATE aTTaX, Unicorns of Love",704.0,3517.0,32.0,DEU,0.94
boX,"Nemiga, GoodJob",705.0,13976.0,27.0,BLR,1.04
TOAO,"AGO, Izako Boars",706.0,11278.0,25.0,POL,0.99
SileNt,"Swole Patrol, Method, NRG",707.0,8752.0,27.0,USA,0.94
tonyblack,Spirit,708.0,1950.0,29.0,RUS,0.94
Twixie,"KOVA, HAVU",709.0,15180.0,20.0,FIN,1.0
arch,"Preparation, Spirit, Worst Players",710.0,8410.0,26.0,UKR,0.94
Shakezullah,"Bad News Bears, Triumph, Singularity, iNTACT",711.0,14203.0,24.0,USA,1.0
EXUS,"PRIDE, Izako Boars",712.0,8549.0,24.0,POL,0.94
RIZZZ,"OFFSET, Giants",713.0,2260.0,29.0,PRT,1.0
LOMME,"North Academy, Tricked, No Problem!",714.0,1889.0,28.0,DNK,0.94
interz,"Gambit Youngsters, Gambit",715.0,15071.0,21.0,RUS,0.99
Ex6TenZ,"Titan, LDLC, VeryGames, G2",716.0,7166.0,32.0,BEL,0.94
ub1que,"EPG, PiTER, Preparation",717.0,7405.0,30.0,RUS,0.94
BRACE,VERTEX,718.0,12588.0,22.0,AUS,0.99
Noisia,"AVANT, Breakaway, Dark Sided",719.0,11492.0,26.0,AUS,0.99
ngiN,"Space Soldiers, Sangal",720.0,9857.0,29.0,TUR,0.94
forget,"5POWER, UYA",721.0,2292.0,32.0,CHN,0.94
Sidney,"UNGENTIUM, AGO, PACT, Illuminar",722.0,15697.0,24.0,POL,0.99
repo,"PRIDE, ESC, AGG, Vexed",723.0,8320.0,25.0,POL,0.94
neaLaN,"K23, Syman",724.0,11940.0,21.0,KAZ,1.0
DANZ,"Corvidae, Kanga, AVANT",725.0,9104.0,28.0,AUS,0.93
tutehen,"VELOX, Isurus, Gale Force, Miami Flamingos",726.0,10506.0,29.0,ARG,0.93
emi,"Valiance, Binary Dragons, iNation",727.0,2476.0,28.0,SRB,0.93
Duplicate,"SKADE, FATE",728.0,16410.0,21.0,BGR,1.0
Polly,"LGB, London Conspiracy, Apeks",729.0,3631.0,31.0,NOR,0.93
hutji,Vega Squadron,730.0,8790.0,26.0,RUS,0.93
ztr,"Young Ninjas, NIP",731.0,16486.0,18.0,SWE,0.98
crisby,"ALTERNATE aTTaX, EURONICS, Unicorns of Love",732.0,1064.0,30.0,DEU,0.93
matty,"EC Brugge, Izako Boars",733.0,8231.0,26.0,POL,0.93
mynio,"Wisla Krakow, Anonymo",734.0,4829.0,26.0,POL,0.93
kiR,Tricked,735.0,10938.0,22.0,DNK,0.98
SkulL,"Genuine, Taboo, Masterminds, Chiefs",736.0,14290.0,24.0,AUS,1.01
quix,"Lilmix, Vexed, Publiclir.se",737.0,3329.0,29.0,SWE,0.93
aVN,"4glory, lvlUP, BLUEJAYS",738.0,5351.0,25.0,SRB,0.92
S0tF1k,"Spirit, Espada",739.0,9081.0,27.0,RUS,0.92
TACO,"SK, MIBR, GODSENT, Liquid, Luminosity",740.0,9217.0,27.0,BRA,0.92
hitMouse,"Nemiga, K29",741.0,1200.0,32.0,BLR,0.92
Xp3,"Winterfox, Denial, ELEVATE",742.0,1331.0,35.0,FRA,0.92
pNshr,"Windigo, ex-Outlaws",743.0,1278.0,30.0,BGR,0.92
arki,SAW,744.0,356.0,32.0,ESP,0.92
MSL,"Dignitas, North",745.0,7156.0,27.0,DNK,0.92
SANJI,"Virtus.pro, AVANGAR, Syman",746.0,11716.0,24.0,UZB,0.97
sorrow,"100PG, Unique",747.0,19967.0,26.0,KAZ,0.96
Luz,"PRIDE, Izako Boars",748.0,5385.0,28.0,POL,0.92
Zeus,Natus Vincere,749.0,484.0,34.0,UKR,0.92
akez,"777, Apeks",750.0,8837.0,30.0,NOR,0.92
nak,"Sharks, RED Canids",751.0,169.0,35.0,BRA,0.92
arya,"Splyce, 3sUP",752.0,6453.0,29.0,USA,0.92
BTN,Nexus,753.0,1206.0,33.0,ROU,0.92
ncl,"TheMongolz, TIGER, Mazaalai",754.0,9736.0,27.0,MNG,0.91
pietola,KOVA,755.0,9820.0,24.0,FIN,0.91
svyat,"Hard Legion, DreamEaters, AVE",756.0,12016.0,27.0,RUS,0.98
SENER1,"Bad News Eagles, BLINK",757.0,15778.0,25.0,XKX,0.98
Dav,"iNation, Squared, ONYX",758.0,4218.0,30.0,SRB,0.91
karrigan,"FaZe, MOUZ, TSM",759.0,429.0,32.0,DNK,0.91
xartE,"SJ, HAVU, ENCE, hREDS",760.0,7537.0,30.0,FIN,0.91
LEGIJA,"BIG, MOUZ, NRG",761.0,3252.0,31.0,DEU,0.91
roman,"Nemiga, K29",762.0,1154.0,33.0,BLR,0.91
Shara,"FlipSid3, spray'n'pray",763.0,1866.0,29.0,UKR,0.91
wayLander,"FlipSid3, pro100, Winstrike",764.0,7796.0,28.0,RUS,0.91
BONA,"SJ, VITALIS, hREDS",765.0,10114.0,22.0,FIN,0.91
sAw,"HAVU, iGame.com, RCTIC",766.0,7821.0,30.0,FIN,0.9
coolio,"Budapest Five, Salamander",767.0,14202.0,22.0,HUN,0.94
kRYSTAL,"PENTA, ALTERNATE aTTaX, GODSENT",768.0,7218.0,29.0,DEU,0.9
MiGHTYMAX,Endpoint,769.0,8983.0,25.0,GBR,0.9
crush,"pro100, Vega Squadron, HellRaisers",770.0,9348.0,26.0,UKR,0.9
balblna,"Quantum Bellator Fire, Winstrike",771.0,8294.0,26.0,RUS,0.9
ben1337,"Party Astronauts, New England Whalers, High Coast",772.0,13250.0,24.0,USA,0.97
sycrone,"Sprout, North Academy, Tricked, Team123",773.0,9295.0,26.0,DNK,0.9
nkl,"E-frag.net, GPlay, MK, Orbit",774.0,5327.0,28.0,BGR,0.9
hooch,"EPG, Gambit",775.0,499.0,35.0,RUS,0.9
Golden,"fnatic, fnatic Academy, Cloud9",776.0,11110.0,28.0,SWE,0.94
lunAtic,PACT,777.0,9798.0,29.0,POL,0.9
FNS,"CLG, TSM",778.0,6451.0,30.0,CAN,0.89
spiker,"Monolith, PiTER, Empire, Rebels",779.0,7797.0,28.0,RUS,0.89
Psycho,"Run or Die, Project X, CR4ZY, Akuma, Windigo Academy",780.0,16563.0,25.0,UKR,0.96
Adam9130,"Into the Breach, GamerLegion, Vexed",781.0,18219.0,24.0,GBR,0.97
JiNKZ,"3DMAX, Heretics",782.0,15120.0,27.0,FRA,0.97
MAiNLiNE,"Enemy, Selfless, eUnited, Method",783.0,9017.0,26.0,USA,0.89
pronax,"fnatic, GODSENT",784.0,41.0,31.0,SWE,0.89
Polen,Mythic,785.0,9882.0,26.0,USA,0.89
IceBerg,"Tricked, Singularity, Ambush",786.0,16731.0,21.0,DNK,0.94
Lambert,"LDLC, EnVyUs Academy",787.0,8047.0,30.0,FRA,0.88
LeX,"Mythic, Winterfox, Luminosity",788.0,8504.0,32.0,USA,0.88
ScrunK,"ALTERNATE aTTaX, expert",789.0,8212.0,27.0,DEU,0.88
torben,Fragsters,790.0,10993.0,27.0,DNK,0.93
seang@res,"Cloud9, Misfits, Echo Fox",791.0,1916.0,34.0,USA,0.88
daps,"NRG, OpTic, Gen.G",792.0,8521.0,29.0,CAN,0.88
flowsicK,"Denial, Winterfox, Liquid",793.0,1328.0,31.0,USA,0.87
BERRY,"Ambush, OPAA",794.0,921.0,32.0,DNK,0.87
birdfromsky,"Lyngby Vikings, ECSTATIC",795.0,13718.0,28.0,DNK,0.99
advent,"ViCi, VG.CyberZen",796.0,8600.0,30.0,CHN,0.87
nawrot,"AVEZ, Izako Boars",797.0,15726.0,23.0,POL,0.92
HooXi,Copenhagen Flames,798.0,10096.0,27.0,DNK,0.87
def,"pro100, ACG",799.0,9350.0,27.0,UKR,0.86
djL,"Chaos, Japaleno, Red Reserve",800.0,12572.0,28.0,SWE,0.91
Devilwalk,"fnatic, Epsilon",801.0,7378.0,31.0,SWE,0.86
Twista,"RCTIC, iGame.com, LGR",802.0,1964.0,35.0,FIN,0.85
gob b,"BIG, MOUZ, NRG",803.0,136.0,35.0,DEU,0.85
Slemmy,"Complexity, Cloud9, Selfless",804.0,8708.0,31.0,USA,0.85
PASHANOJ,"Unique, ex-ETHEREAL",805.0,13779.0,28.0,RUS,0.9
B1ad3,FlipSid3,806.0,472.0,35.0,UKR,0.83
netrick,"AGF, unknown, LPSP, Forcebuy",807.0,8422.0,27.0,DNK,0.82
HUNDEN,"Tricked, ALTERNATE aTTaX",808.0,7415.0,31.0,DNK,0.81
RuFire,"SG.pro, 5balls, VP.Prodigy",809.0,13156.0,27.0,RUS,0.84
OCEAN,"subtLe, SKDC, Splyce",810.0,6455.0,35.0,CAN,0.77
